count,japanese,fallback,vi_full,field_bytes,fallback_bytes,vi_full_bytes,free_vs_fallback,reason,files,offsets
6,武器カードを,THE VK,Thẻ Vũ khí...,12,12,26,0,VI_FULL_TOO_LONG,PRGPACK.BDP,0x630;0x32160;0x3f884;0x4d474;0x5b148;0x6799c
5,やるね,KHA DAY,Khá lắm!,6,14,16,-8,VI_FULL_TOO_LONG,PRGPACK.BDP,0x510;0x32040;0x3f764;0x4d354;0x5b028
5,武器カードは,THE VK,Thẻ Vũ khí thì...,12,12,34,0,VI_FULL_TOO_LONG,PRGPACK.BDP,0x5f8;0x32128;0x3f84c;0x4d43c;0x5b110
2,%sのラッキー！！,%s MAY MAN!!,%s gặp may!!,16,22,22,-6,VI_FULL_TOO_LONG,PRGPACK.BDP,0x68ae4;0x962c0
2,病院,BENH,Bệnh Viện,4,8,18,-4,VI_FULL_TOO_LONG,SLPS_020.75,0x263c;0x7684c
2,なにか捨ててね,BO BOT THE,Hãy bỏ bớt một lá nhé.,14,20,44,-6,VI_FULL_TOO_LONG,PRGPACK.BDP,0x67504;0x67f1c
2,れん金術,GIA KIM,Giả Kim Thuật,8,14,26,-6,VI_FULL_TOO_LONG,SLPS_020.75,0x2580;0x2666
2,終了ターン,HET,Kết thúc lượt,10,6,26,4,VI_FULL_TOO_LONG,PRGPACK.BDP,0x304d8;0x30600
2,騎士団,HIEPSI,Đoàn Kỵ Sĩ,6,12,20,-6,VI_FULL_TOO_LONG,SLPS_020.75,0x264a;0x7683c
2,お店破壊,PHA SHOP,Phá Cửa Hàng,8,16,24,-8,VI_FULL_TOO_LONG,SLPS_020.75,0x21e0;0x23d4
2,武器屋,TIEMVK,Tiệm Vũ Khí,6,12,22,-6,VI_FULL_TOO_LONG,SLPS_020.75,0x2674;0x76854
2,修道会,TUVIEN,Tu Viện,6,12,14,-6,VI_FULL_TOO_LONG,SLPS_020.75,0x2658;0x76844
1,/V%sさん/v,/V%s/v,/V%s/v,10,6,6,4,FULL_FITS_BUT_NOT_PROMOTED,PRGPACK.BDP,0x67d8c
1,トカードが１枚,1 THE SK,…1 thẻ…,14,16,14,-2,FULL_FITS_BUT_NOT_PROMOTED,PRGPACK.BDP,0x68e58
1,も～何やってるの？,LAM GI DAY?,Trời ơi,18,22,14,-4,FULL_FITS_BUT_NOT_PROMOTED,SLPS_020.75,0x3864
1,ＧＯマス,O GO,Ô GO,8,8,8,0,FULL_FITS_BUT_NOT_PROMOTED,SLPS_020.75,0x94c
1,%dゼニー,%d ZENNY,%d Zenny,8,14,14,-6,VI_FULL_TOO_LONG,PRGPACK.BDP,0x68b20
1,(速い者順),(NHANH TRUOC),(Theo thứ tự từ người nhanh nhất),10,26,66,-16,VI_FULL_TOO_LONG,PRGPACK.BDP,0x689e8
1,１ターンのあいだ自分の番だけ、,1 LUOT RIENG BAN,"Trong một lượt, chỉ trong lượt của bạn...",30,32,82,-2,VI_FULL_TOO_LONG,SLPS_020.75,0x3258
1,の２０％を税金,20% THANH THUE,...20% của... làm thuế...,14,28,50,-14,VI_FULL_TOO_LONG,PRGPACK.BDP,0x68d64
1,ダイス３つ,3 XUCXAC,3 Xúc Xắc,10,16,18,-6,VI_FULL_TOO_LONG,SLPS_020.75,0x2334
1,ダイス４つ,4 XUCXAC,4 Xúc Xắc,10,16,18,-6,VI_FULL_TOO_LONG,SLPS_020.75,0x2348
1,攻撃力を２倍にアップさせる,ATK X2,Tăng gấp đôi sức tấn công.,26,12,52,14,VI_FULL_TOO_LONG,SLPS_020.75,0x15c4
1,売却,BAN,Bán,4,6,6,-2,VI_FULL_TOO_LONG,PRGPACK.BDP,0x6796c
1,どの物件を売るの？,BAN TS NAO?,Bạn muốn bán tài sản nào?,18,22,50,-4,VI_FULL_TOO_LONG,PRGPACK.BDP,0x67b1c
1,どの物件を売る？,BAN TS NAO?,Bán tài sản nào?,16,22,32,-6,VI_FULL_TOO_LONG,PRGPACK.BDP,0x67b94
1,スノーストーム,BAOTUYET,Bão Tuyết,14,16,18,-2,VI_FULL_TOO_LONG,SLPS_020.75,0x16e8
1,飛ばすぜ ！！,BAY DI!!,Ta cho bay đây!!,13,16,32,-3,VI_FULL_TOO_LONG,PRGPACK.BDP,0x68888
1,シンボル,BIEUTUONG,Biểu tượng,8,18,20,-10,VI_FULL_TOO_LONG,PRGPACK.BDP,0x67b60
1,この シンボルは,BIEUTUONG NAY,Biểu tượng này...,15,26,34,-11,VI_FULL_TOO_LONG,PRGPACK.BDP,0x68bdc
1,どれを捨てる？,BO THE NAO?,Bạn muốn bỏ lá nào?,14,22,38,-8,VI_FULL_TOO_LONG,SLPS_020.75,0x33e4
1,金斗雲,CAN DAU VAN,Cân Đẩu Vân,6,22,22,-16,VI_FULL_TOO_LONG,PRGPACK.BDP,0x688ec
1,あーあ,CHAN,Chán thật...,6,8,24,-2,VI_FULL_TOO_LONG,PRGPACK.BDP,0x678a8
1,お店破壊なんてガードしちゃえ！！,CHAN PHA SHOP!!,Chặn luôn hiệu ứng Phá Cửa Hàng!!,32,30,66,2,VI_FULL_TOO_LONG,PRGPACK.BDP,0x687a0
1,ームができ、勝,CHOI VA THANG,"...có thể chơi, và nếu thắng...",14,26,62,-12,VI_FULL_TOO_LONG,PRGPACK.BDP,0x68df8
1,早く決めてってばぁ～,CHON NHANH,Đã bảo quyết định nhanh lên mà～!,20,20,64,0,VI_FULL_TOO_LONG,SLPS_020.75,0x3898
1,早く決めてよね！！,CHON NHANH!!,Quyết định nhanh lên nào!!,18,24,52,-6,VI_FULL_TOO_LONG,SLPS_020.75,0x3878
1,物件を決めたら、,CHON XONG TS,"Sau khi chọn tài sản,...",16,24,48,-8,VI_FULL_TOO_LONG,PRGPACK.BDP,0x67c88
1,いやしのうた,CHUAHP,Khúc Ca Trị Liệu,12,12,32,0,VI_FULL_TOO_LONG,SLPS_020.75,0x1600
1,どこを戻すの？,CHUOC DAU?,Bạn muốn chuộc lại chỗ nào?,14,20,54,-6,VI_FULL_TOO_LONG,PRGPACK.BDP,0x67b84
1,メイス,CHUY,Chùy,6,8,8,-2,VI_FULL_TOO_LONG,SLPS_020.75,0x767d4
1,クレイモア,CLAYM,Claymore,10,10,16,0,VI_FULL_TOO_LONG,SLPS_020.75,0x18cc
1,何がおこるのかな,CO GI DAY?,Không biết chuyện gì sẽ xảy ra nhỉ?,16,20,70,-4,VI_FULL_TOO_LONG,SLPS_020.75,0x2c44
1,できます,CO THE,có thể…,8,12,14,-4,VI_FULL_TOO_LONG,PRGPACK.BDP,0x68e78
1,を切りかえられ,CO THE DOI,...có thể chuyển đổi...,14,20,46,-6,VI_FULL_TOO_LONG,PRGPACK.BDP,0x68db8
1,しかけることが,CO THE MO,có thể phát động…,14,18,34,-4,VI_FULL_TOO_LONG,PRGPACK.BDP,0x68e84
1,戦いをしかけることができるよ,CO THE THACHDAU,Bạn có thể chủ động khiêu chiến.,28,30,64,-2,VI_FULL_TOO_LONG,PRGPACK.BDP,0x67664
1,戦闘をしかけることができるよ！,CO THE THACHDAU,Bạn có thể chủ động khiêu chiến!,30,30,64,0,VI_FULL_TOO_LONG,SLPS_020.75,0x31e8
1,最強の弓,CUNG,Cung Tối Thượng,8,8,30,0,VI_FULL_TOO_LONG,SLPS_020.75,0x149c
1,氷の弓,CUNG BANG,Cung Băng,6,18,18,-12,VI_FULL_TOO_LONG,SLPS_020.75,0x7679c
1,指定武器カード１枚を盗む,CUOP THE VK,Trộm một Thẻ Vũ khí chỉ định.,24,22,58,2,VI_FULL_TOO_LONG,SLPS_020.75,0x1528
1,ルートを切りかえたよ,DA DOI DUONG,Đã đổi tuyến đường.,20,24,38,-4,VI_FULL_TOO_LONG,PRGPACK.BDP,0x67920
1,大幸運,DAI MAY,Đại May Mắn,6,14,22,-8,VI_FULL_TOO_LONG,SLPS_020.75,0x2050
1,大不幸,DAI XUI,Đại Bất Hạnh,6,14,24,-8,VI_FULL_TOO_LONG,SLPS_020.75,0x2014
1,我に 近付くとは,DAM LAI GAN,Dám lại gần ta...,15,22,34,-7,VI_FULL_TOO_LONG,PRGPACK.BDP,0x68a28
1,呪いの沼,DAM NGUYEN,Đầm Lầy Nguyền Rủa,8,20,36,-12,VI_FULL_TOO_LONG,SLPS_020.75,0x230c
1,どの土地をせめる？,DANH DAT NAO?,Tấn công mảnh đất nào?,18,26,44,-8,VI_FULL_TOO_LONG,PRGPACK.BDP,0x67b4c
1,ダンテ,DANTE,Dante,6,10,10,-4,VI_FULL_TOO_LONG,SLPS_020.75,0x7681c
1,盗賊のオーブ,DAO,Ngọc Đạo Tặc,12,6,24,6,VI_FULL_TOO_LONG,SLPS_020.75,0x1560
1,盗賊の援助,DAO TAC,Viện Trợ Của Đạo Tặc,10,14,40,-4,VI_FULL_TOO_LONG,SLPS_020.75,0x2064
1,いっちょう やってみっか,DAU 1 TRAN?,Làm một trận chứ?,23,22,34,1,VI_FULL_TOO_LONG,PRGPACK.BDP,0x68a4c
1,あいてに戦闘を,DAU DOI THU,chiến đấu với đối thủ…,14,22,44,-8,VI_FULL_TOO_LONG,PRGPACK.BDP,0x68e94
1,クリティカルがでやすい,DE CHI MANG,Dễ tung đòn chí mạng.,22,22,42,0,VI_FULL_TOO_LONG,SLPS_020.75,0x16b4
1,防御　速度７　使い捨て,DEF SPD7 1L,Phòng thủ - Tốc độ 7 - Dùng một lần,22,22,70,0,VI_FULL_TOO_LONG,SLPS_020.75,0x127c
1,ＧＯマスおくり,DEN O GO,Đưa Đến Ô GO,14,16,24,-2,VI_FULL_TOO_LONG,SLPS_020.75,0x208c
1,ダメージ,DMG,Sát Thương,8,6,20,2,VI_FULL_TOO_LONG,SLPS_020.75,0x190c
1,使い捨てアイテム,DO 1 LAN,Vật phẩm dùng một lần,16,16,42,0,VI_FULL_TOO_LONG,SLPS_020.75,0x1690
1,カスが,DO RAC,Đồ rác rưởi.,6,12,24,-6,VI_FULL_TOO_LONG,PRGPACK.BDP,0x68bf4
1,大不幸、不幸で,DO XUI,"Do Đại Bất Hạnh hoặc Bất Hạnh,...",14,12,66,2,VI_FULL_TOO_LONG,PRGPACK.BDP,0x68d08
1,全ての分岐マスを切りかえて、,DOI CAC NGA RE,"Đổi tất cả các ô ngã rẽ, rồi...",28,28,62,0,VI_FULL_TOO_LONG,SLPS_020.75,0x3348
1,を入れかえちゃう,DOI CHO,...sẽ hoán đổi vị trí cho nhau.,16,14,62,2,VI_FULL_TOO_LONG,SLPS_020.75,0x32e0
1,土地の持ち主が変わったよ,DOI CHU DAT,Chủ sở hữu mảnh đất đã thay đổi.,24,22,64,2,VI_FULL_TOO_LONG,SLPS_020.75,0x28d0
1,ルートが切りか,DOI TUYEN,Tuyến đường được chuyển...,14,18,52,-4,VI_FULL_TOO_LONG,PRGPACK.BDP,0x68d90
1,みがわり,DON,Thế Thân,8,6,16,2,VI_FULL_TOO_LONG,SLPS_020.75,0x1294
1,じしん,DONGDAT,Động Đất,6,14,16,-8,VI_FULL_TOO_LONG,SLPS_020.75,0x2104
1,アースクエイク,DONGDAT,Địa Chấn,14,14,16,0,VI_FULL_TOO_LONG,SLPS_020.75,0x158c
1,地震,DONGDAT,Động Đất,4,14,16,-10,VI_FULL_TOO_LONG,SLPS_020.75,0x2258
1,本当にやめるの？,DUNG THAT?,Bạn thật sự muốn dừng chứ?,16,20,52,-4,VI_FULL_TOO_LONG,SLPS_020.75,0x37bc
1,このカードを使えば、ライバルに,DUNG THE DOI THU,"Nếu dùng lá bài này, lên đối thủ...",30,32,70,-2,VI_FULL_TOO_LONG,SLPS_020.75,0x3208
1,このカードを使うと、,DUNG THE NAY,"Khi dùng lá bài này,...",20,24,46,-4,VI_FULL_TOO_LONG,SLPS_020.75,0x31c4
1,止まると土地代,DUNG: GIA DAT,"Khi dừng lại, giá đất...",14,26,48,-12,VI_FULL_TOO_LONG,PRGPACK.BDP,0x68d74
1,止まるとミニゲ,DUNG: MINI GAME,"Khi dừng lại, mini-game...",14,30,52,-16,VI_FULL_TOO_LONG,PRGPACK.BDP,0x68e08
1,止まるとイベン,DUNG: SU KIEN,"Khi dừng lại, sự kiện…",14,26,44,-12,VI_FULL_TOO_LONG,PRGPACK.BDP,0x68e68
1,止まると所持金,DUNG: TIEN CO,"Khi dừng lại, số tiền đang có...",14,26,64,-12,VI_FULL_TOO_LONG,PRGPACK.BDP,0x68d44
1,止まると好きな,DUNG: TUY CHON,"Khi dừng lại, tùy ý…",14,28,40,-14,VI_FULL_TOO_LONG,PRGPACK.BDP,0x68ea4
1,エクスカリバー,EXCAL,Excalibur,14,10,18,4,VI_FULL_TOO_LONG,SLPS_020.75,0x142c
1,フェザーレイ,FEATHR,Feather Ray,12,12,22,0,VI_FULL_TOO_LONG,SLPS_020.75,0x1628
1,ガラハッド,GALAH,Galahad,10,10,14,0,VI_FULL_TOO_LONG,SLPS_020.75,0x2458
1,価格,GIA,Giá,4,6,6,-2,VI_FULL_TOO_LONG,PRGPACK.BDP,0x67ab8
1,価値    %4d,GIA %4d,Giá trị %4d,11,11,19,0,VI_FULL_TOO_LONG,PRGPACK.BDP,0x68cc8
1,あいての命中率を落とす,GIAM CX,Giảm tỷ lệ trúng đòn của đối thủ.,22,14,66,8,VI_FULL_TOO_LONG,SLPS_020.75,0x1500
1,ダメージを１／２にへらす,GIAM1/2DMG,Giảm sát thương còn một nửa,24,20,54,4,VI_FULL_TOO_LONG,SLPS_020.75,0x1728
1,ブラッドスピア,GIAOMAU,Huyết Thương,14,14,24,0,VI_FULL_TOO_LONG,SLPS_020.75,0x1668
1,価値,GIATRI,Giá Trị,4,12,14,-8,VI_FULL_TOO_LONG,PRGPACK.BDP,0x67c78
1,魔王しょうかん,GOI MA,Triệu Hồi Ma Vương,14,12,36,2,VI_FULL_TOO_LONG,SLPS_020.75,0x2190
1,ゴライアス,GOLIA,Goliath,10,10,14,0,VI_FULL_TOO_LONG,SLPS_020.75,0x2470
1,聖地に 預けておいたから,GUI O THANH DIA,"Phần dư đã được gửi ở Thánh địa, nên...",23,30,78,-7,VI_FULL_TOO_LONG,PRGPACK.BDP,0x689b8
1,ハヤテ,HAYATE,Hayate,6,12,12,-6,VI_FULL_TOO_LONG,SLPS_020.75,0x7682c
1,もう持ち切れないよ,HET CHO,Bạn không thể mang thêm nữa.,18,14,56,4,VI_FULL_TOO_LONG,SLPS_020.75,0x33d0
1,あっなんか,HINH NHU,"Ơ, hình như...",10,16,28,-6,VI_FULL_TOO_LONG,PRGPACK.BDP,0x68968
1,ＨＰを６０回復する,HOI60HP,Hồi 60 HP.,18,14,20,4,VI_FULL_TOO_LONG,SLPS_020.75,0x15ec
1,回復系,HOIPHUC,Hệ Hồi Phục,6,14,22,-8,VI_FULL_TOO_LONG,SLPS_020.75,0x767e8
1,死亡するとＨＰ１００で復活,HOISINH100HP,"Khi tử trận, hồi sinh với 100 HP.",26,24,66,2,VI_FULL_TOO_LONG,SLPS_020.75,0x143c
1,大国の混乱,HON LOAN,Hỗn Loạn Đại Quốc,10,16,34,-6,VI_FULL_TOO_LONG,SLPS_020.75,0x20b4
1,あいての体力,HP DOI THU,HP Đối Thủ,12,20,20,-8,VI_FULL_TOO_LONG,SLPS_020.75,0x3758
1,体力が０になったから、ちりょうひ,HP0 TRA VIENPHI,"Vì HP đã về 0, viện phí...",32,30,52,2,VI_FULL_TOO_LONG,SLPS_020.75,0x28ec
1,復活の霊薬,HSINH,Linh Dược Hồi Sinh,10,10,36,0,VI_FULL_TOO_LONG,SLPS_020.75,0x1458
1,ダメージの１／２を奪う,HUT 1/2 DMG,Hút một nửa sát thương.,22,22,46,0,VI_FULL_TOO_LONG,SLPS_020.75,0x1638
1,ジガー,JIGGER,Jigger,6,12,12,-6,VI_FULL_TOO_LONG,SLPS_020.75,0x76834
1,自分が止まると,KHI BAN DUNG,Khi bạn dừng lại...,14,24,38,-10,VI_FULL_TOO_LONG,PRGPACK.BDP,0x679c0
1,アイテムを使えなくする,KHOA DO,Vô hiệu hóa việc sử dụng vật phẩm.,22,14,68,8,VI_FULL_TOO_LONG,SLPS_020.75,0x1678
1,関係なかったみたい,KHONG ANH HUONG,Có vẻ không ảnh hưởng gì.,18,30,50,-12,VI_FULL_TOO_LONG,PRGPACK.BDP,0x67818
1,なんか 気がのらん,KHONG CO HUNG,Ta chẳng có hứng.,17,26,34,-9,VI_FULL_TOO_LONG,PRGPACK.BDP,0x68c08
1,買えません,KHONG MUA,Không thể mua.,10,18,28,-8,VI_FULL_TOO_LONG,PRGPACK.BDP,0x68cd4
1,このエリアはあなたたちのものよ！！,KHU NAY CUA BAN,Khu vực này thuộc về các bạn!!,34,30,60,4,VI_FULL_TOO_LONG,SLPS_020.75,0x2888
1,このエリアはあなたのものよ！！,KHU NAY CUA BAN,Khu vực này thuộc về bạn!!,30,30,52,0,VI_FULL_TOO_LONG,SLPS_020.75,0x2868
1,伝説の聖剣,KIEM,Thánh Kiếm Huyền Thoại,10,8,44,2,VI_FULL_TOO_LONG,SLPS_020.75,0x1408
1,ストームソード,KIEMBAO,Kiếm Bão Tố,14,14,22,0,VI_FULL_TOO_LONG,SLPS_020.75,0x15b4
1,せつなの剣,KIEMNHANH,Kiếm Chớp Nhoáng,10,18,32,-8,VI_FULL_TOO_LONG,SLPS_020.75,0x171c
1,クナイ,KUNAI,Kunai,6,10,10,-4,VI_FULL_TOO_LONG,SLPS_020.75,0x767c4
1,します,LAM,Thực hiện.,6,6,20,0,VI_FULL_TOO_LONG,PRGPACK.BDP,0x68ce0
1,ほのおの弓,LUA,Cung Lửa,10,6,16,4,VI_FULL_TOO_LONG,SLPS_020.75,0x14c0
1,Ｌ/V%d（あと/V%d）,LV%d CON%d,Cấp /V%d (còn /V%d),18,16,30,2,VI_FULL_TOO_LONG,SLPS_020.75,0x195c
1,魔王の気まぐれ,MA NGHICH,Sự Thất Thường Của Ma Vương,14,18,54,-4,VI_FULL_TOO_LONG,SLPS_020.75,0x21b8
1,魔王のこうりん,MA VUONG,Ma Vương Giáng Lâm,14,16,36,-2,VI_FULL_TOO_LONG,SLPS_020.75,0x217c
1,最強の魔剣,MAKI,Ma Kiếm Tối Thượng,10,8,36,2,VI_FULL_TOO_LONG,SLPS_020.75,0x14cc
1,幸運,MAY,May Mắn,4,6,14,-2,VI_FULL_TOO_LONG,SLPS_020.75,0x203c
1,メグメグ,MEGUMEGU,Megumegu,8,16,16,-8,VI_FULL_TOO_LONG,SLPS_020.75,0x247c
1,ダークメテオ,METEOR,Ám Thiên Thạch,12,12,28,0,VI_FULL_TOO_LONG,SLPS_020.75,0x13e0
1,メテオフォール,METEOR,Mưa Thiên Thạch,14,12,30,2,VI_FULL_TOO_LONG,SLPS_020.75,0x148c
1,領地購入,MUA DAT,Mua Lãnh Địa,8,14,24,-6,VI_FULL_TOO_LONG,SLPS_020.75,0x2168
1,この土地を買うよ,MUA DAT NAY,Mua mảnh đất này.,16,22,34,-6,VI_FULL_TOO_LONG,PRGPACK.BDP,0x67540
1,魔剣ムラマサ,MURAMA,Ma Kiếm Muramasa,12,12,32,0,VI_FULL_TOO_LONG,SLPS_020.75,0x14f0
1,バンク,NGANHANG,Ngân Hàng,6,16,18,-10,VI_FULL_TOO_LONG,SLPS_020.75,0x7685c
1,はかば,NGHIA,Nghĩa Địa,6,10,18,-4,VI_FULL_TOO_LONG,SLPS_020.75,0x2294
1,墓地,NGHIA,Nghĩa Địa,4,10,18,-6,VI_FULL_TOO_LONG,PRGPACK.BDP,0x68c30
1,まどわしの玉,NGOCME,Ngọc Mê Hoặc,12,12,24,0,VI_FULL_TOO_LONG,SLPS_020.75,0x1518
1,孫悟空,NGOKHONG,Tôn Ngộ Không,6,16,26,-10,VI_FULL_TOO_LONG,SLPS_020.75,0x76824
1,力の指輪,NHAN,Nhẫn Sức Mạnh,8,8,26,0,VI_FULL_TOO_LONG,SLPS_020.75,0x15e0
1,%dゼニーもらっちゃった,NHAN %d ZENNY,Nhận được %d Zenny.,22,24,36,-2,VI_FULL_TOO_LONG,PRGPACK.BDP,0x67860
1,土地を１つもらえるよ！！,NHAN 1 DAT!!,Bạn nhận được một mảnh đất!!,24,24,56,0,VI_FULL_TOO_LONG,PRGPACK.BDP,0x68764
1,多くもらっちゃった,NHAN NHIEU HON,...nhận được nhiều hơn rồi.,18,28,54,-10,VI_FULL_TOO_LONG,PRGPACK.BDP,0x68974
1,プール金取得,NHAN QUY,Nhận tiền từ quỹ chung,12,16,44,-4,VI_FULL_TOO_LONG,PRGPACK.BDP,0x67850
1,２００ゼニーをもらうわよ！,NHAN200 ZENNY,Bạn nhận được 200 Zenny!,26,26,48,0,VI_FULL_TOO_LONG,SLPS_020.75,0x2910
1,浴場,NHATAM,Nhà Tắm,4,12,14,-8,VI_FULL_TOO_LONG,PRGPACK.BDP,0x68c38
1,如意棒,NHUYBONG,Như Ý Bổng,6,16,20,-10,VI_FULL_TOO_LONG,SLPS_020.75,0x767b4
1,野太刀,NODACHI,Nodachi,6,14,14,-8,VI_FULL_TOO_LONG,SLPS_020.75,0x767cc
1,女神像,NU THAN,Tượng Nữ Thần,6,14,26,-8,VI_FULL_TOO_LONG,SLPS_020.75,0x22bc
1,シンボルを一つ壊せるよ,PHA 1 BIEUTUONG,Bạn có thể phá một biểu tượng.,22,30,60,-8,VI_FULL_TOO_LONG,PRGPACK.BDP,0x68710
1,どれを壊すの？,PHA CAI NAO?,Phá cái nào?,14,24,24,-10,VI_FULL_TOO_LONG,PRGPACK.BDP,0x67b6c
1,ランダム武器破壊,PHA VK NGAU,Phá Ngẫu Nhiên Một Vũ Khí,16,22,50,-6,VI_FULL_TOO_LONG,SLPS_020.75,0x1970
1,武器破壊,PHAVK,Phá Vũ Khí,8,10,20,-2,VI_FULL_TOO_LONG,SLPS_020.75,0x1918
1,最強の魔法,PHEP+,Ma Pháp Tối Thượng,10,10,36,0,VI_FULL_TOO_LONG,SLPS_020.75,0x1464
1,通行税 %+3d％,PHI %+3d%,Lộ phí %+3d%,13,14,20,-1,VI_FULL_TOO_LONG,PRGPACK.BDP,0x68ee8
1,通行税  %4d,PHI %4d,Phí qua đường %4d,11,11,31,0,VI_FULL_TOO_LONG,PRGPACK.BDP,0x68cbc
1,通行税 %4d,PHI %4d,Lộ phí %4d,10,11,17,-1,VI_FULL_TOO_LONG,PRGPACK.BDP,0x68edc
1,１０％、まわりの通行税ダウン！,PHI GIAM10%,Phí qua đường xung quanh giảm 10%!,30,22,68,8,VI_FULL_TOO_LONG,SLPS_020.75,0x2e84
1,まわりの通行税が３０％下がるよ！,PHI GIAM30%,Phí qua đường xung quanh giảm 30%!,32,22,68,10,VI_FULL_TOO_LONG,SLPS_020.75,0x2e2c
1,まわりの通行税が５０％下がるよ！,PHI GIAM50%,Phí qua đường xung quanh giảm 50%!,32,22,68,10,VI_FULL_TOO_LONG,SLPS_020.75,0x3098
1,まわりの通行税が７０％下がるよ！,PHI GIAM70%,Phí qua đường xung quanh giảm 70%!,32,22,68,10,VI_FULL_TOO_LONG,SLPS_020.75,0x30f4
1,まわりの通行税が９０％下がるよ！,PHI GIAM90%,Phí qua đường xung quanh giảm 90%!,32,22,68,10,VI_FULL_TOO_LONG,SLPS_020.75,0x3150
1,通行税,PHI QD,Phí Qua Đường,6,12,26,-6,VI_FULL_TOO_LONG,PRGPACK.BDP,0x67c80
1,なにぃ～い 通行税だと？,PHI QD HA?,Cái gì～ Phí qua đường ư?,23,20,48,3,VI_FULL_TOO_LONG,PRGPACK.BDP,0x68898
1,まわりの通行税が３０％上がるよ！,PHI TANG30%,Phí qua đường xung quanh tăng 30%!,32,22,68,10,VI_FULL_TOO_LONG,SLPS_020.75,0x3040
1,まわりの通行税が５０％上がるよ！,PHI TANG50%,Phí qua đường xung quanh tăng 50%!,32,22,68,10,VI_FULL_TOO_LONG,SLPS_020.75,0x2fe8
1,まわりの通行税が７０％上がるよ！,PHI TANG70%,Phí qua đường xung quanh tăng 70%!,32,22,68,10,VI_FULL_TOO_LONG,SLPS_020.75,0x2f90
1,まわりの通行税が２倍になるよ！,PHI X2,Phí qua đường xung quanh tăng gấp đôi!,30,12,76,18,VI_FULL_TOO_LONG,SLPS_020.75,0x2edc
1,まわりの通行税が３倍になるよ！,PHI X3,Phí qua đường xung quanh tăng gấp ba!,30,12,74,18,VI_FULL_TOO_LONG,SLPS_020.75,0x2f38
1,ダーツ,PHITIEU,Phi Tiêu,6,14,16,-8,VI_FULL_TOO_LONG,SLPS_020.75,0x767ac
1,封いんされた魔法,PHONGAN,Ma Pháp Bị Phong Ấn,16,14,38,2,VI_FULL_TOO_LONG,SLPS_020.75,0x13b0
1,通過するとお金,QUA: NHAN TIEN,"Khi đi qua, tiền…",14,28,34,-14,VI_FULL_TOO_LONG,PRGPACK.BDP,0x68e38
1,軍資金,QUANQUY,Quân Quỹ,6,14,16,-8,VI_FULL_TOO_LONG,SLPS_020.75,0x768d0
1,レイピア,RAPIER,Rapier,8,12,12,-4,VI_FULL_TOO_LONG,SLPS_020.75,0x1838
1,聖地で 引き落としてね,RUT O THANH DIA,Hãy rút tiền tại Thánh địa nhé.,21,30,62,-9,VI_FULL_TOO_LONG,PRGPACK.BDP,0x689d0
1,もらえます,SE NHAN,sẽ nhận được,10,14,24,-4,VI_FULL_TOO_LONG,PRGPACK.BDP,0x68e4c
1,落雷,SET,Sét Đánh,4,6,16,-2,VI_FULL_TOO_LONG,SLPS_020.75,0x2118
1,お店,SHOP,Cửa hàng,4,8,16,-4,VI_FULL_TOO_LONG,PRGPACK.BDP,0x67ac0
1,シンバッド,SINBAD,Sinbad,10,12,12,-2,VI_FULL_TOO_LONG,SLPS_020.75,0x2494
1,温泉,SUOI,Suối Nước Nóng,4,8,28,-4,VI_FULL_TOO_LONG,SLPS_020.75,0x22a8
1,俺さまが遊んでやるぜ！,TA CHOI VOI NGUOI,Để ta chơi với ngươi!,22,34,42,-12,VI_FULL_TOO_LONG,PRGPACK.BDP,0x68aa8
1,邪神像,TA THAN,Tượng Tà Thần,6,14,26,-8,VI_FULL_TOO_LONG,SLPS_020.75,0x226c
1,物件,TAISAN,Tài sản,4,12,14,-8,VI_FULL_TOO_LONG,PRGPACK.BDP,0x67b14
1,投射,TAMXA,Phóng,4,10,10,-6,VI_FULL_TOO_LONG,SLPS_020.75,0x767fc
1,土地名,TEN DAT,Tên đất,6,14,14,-8,VI_FULL_TOO_LONG,PRGPACK.BDP,0x67aec
1,エリア名,TEN KHU,Tên khu vực,8,14,22,-6,VI_FULL_TOO_LONG,PRGPACK.BDP,0x67ba8
1,して戦闘をしかける,THACH DAU,...rồi phát động chiến đấu.,18,18,54,0,VI_FULL_TOO_LONG,PRGPACK.BDP,0x67a20
1,戦いをしかけるよ？,THACH DAU?,Muốn khiêu chiến chứ?,18,20,42,-2,VI_FULL_TOO_LONG,PRGPACK.BDP,0x687e4
1,時の神のいたず,THAN GIO,Trò Nghịch Của Thần Thời...,14,16,54,-2,VI_FULL_TOO_LONG,SLPS_020.75,0x2208
1,いたずら好きの時の神がみんなの場所,THAN GIO DOI CHO,"Thần Thời tinh nghịch, vị trí của mọi người...",34,32,92,2,VI_FULL_TOO_LONG,SLPS_020.75,0x32f4
1,運の神の休息,THAN MAY,Thần Vận Nghỉ Ngơi,12,16,36,-4,VI_FULL_TOO_LONG,SLPS_020.75,0x221c
1,勝利者,THANG,Người Chiến Thắng,6,10,34,-4,VI_FULL_TOO_LONG,PRGPACK.BDP,0x68a64
1,大聖堂,THANHDUONG,Đại Thánh Đường,6,20,30,-14,VI_FULL_TOO_LONG,SLPS_020.75,0x22e4
1,悪魔の塔,THAP MA,Tháp Ác Ma,8,14,20,-6,VI_FULL_TOO_LONG,SLPS_020.75,0x2280
1,かいしめ,THAU TOM,Thâu tóm.,8,16,18,-8,VI_FULL_TOO_LONG,PRGPACK.BDP,0x67558
1,バトルカード,THE DAU,Thẻ Chiến Đấu,12,14,26,-2,VI_FULL_TOO_LONG,SLPS_020.75,0x2244
1,レベル５裏武器カード,THE VK AN LV5,Thẻ Vũ Khí Mặt Sau Cấp 5,20,26,48,-6,VI_FULL_TOO_LONG,PRGPACK.BDP,0x67fd8
1,レベル５表武器カード,THE VK LV5,Thẻ Vũ Khí Mặt Trước Cấp 5,20,20,52,0,VI_FULL_TOO_LONG,PRGPACK.BDP,0x67ff0
1,抵当,THECHAP,Thế chấp,4,14,16,-10,VI_FULL_TOO_LONG,PRGPACK.BDP,0x67974
1,抵当額,THECHAP,Số tiền thế chấp,6,14,32,-8,VI_FULL_TOO_LONG,PRGPACK.BDP,0x67b7c
1,もう１回行動できるよ！！,THEM 1 LUOT!!,Bạn được hành động thêm một lần!!,24,26,66,-2,VI_FULL_TOO_LONG,PRGPACK.BDP,0x68698
1,お金が足りないけど,THIEU TIEN,"Bạn không đủ tiền, nhưng...",18,20,54,-2,VI_FULL_TOO_LONG,SLPS_020.75,0x37d0
1,お金たりないじゃない！,THIEU TIEN!,Bạn không đủ tiền!,22,22,36,0,VI_FULL_TOO_LONG,PRGPACK.BDP,0x67d98
1,不足金額： %dゼニー,THIEU:%d Z,Số tiền còn thiếu: %d Zenny,19,18,52,1,VI_FULL_TOO_LONG,PRGPACK.BDP,0x67db0
1,土地税,THUE DAT,Thuế đất,6,16,16,-10,VI_FULL_TOO_LONG,PRGPACK.BDP,0x6782c
1,所得税,THUE TN,Thuế thu nhập,6,14,26,-8,VI_FULL_TOO_LONG,PRGPACK.BDP,0x67800
1,所得税、土地税,THUE TN/DAT,"Thuế Thu Nhập, Thuế Đất...",14,22,52,-8,VI_FULL_TOO_LONG,PRGPACK.BDP,0x68d18
1,丸薬,THUOC,Thuốc Viên,4,10,20,-6,VI_FULL_TOO_LONG,SLPS_020.75,0x767a4
1,我が けんぞくよ,THUOC HA TA,Hỡi thuộc hạ của ta.,15,22,40,-7,VI_FULL_TOO_LONG,PRGPACK.BDP,0x689f4
1,もらえるお金が倍になるよ！！,TIEN NHAN X2!!,Số tiền nhận được sẽ tăng gấp đôi!!,28,28,70,0,VI_FULL_TOO_LONG,PRGPACK.BDP,0x68780
1,お金が 持ち切れないみたい,TIEN QUA NHIEU,Có vẻ bạn không thể mang thêm tiền nữa.,25,28,78,-3,VI_FULL_TOO_LONG,PRGPACK.BDP,0x68988
1,不足金額,TIEN THIEU,Số tiền còn thiếu,8,20,34,-12,VI_FULL_TOO_LONG,PRGPACK.BDP,0x67b30
1,小領主の協力,TIEU LC,Sự Hợp Tác Của Tiểu Lãnh Chúa,12,14,58,-2,VI_FULL_TOO_LONG,SLPS_020.75,0x20dc
1,速度が速い,TOCDO,Tốc độ cao,10,10,20,0,VI_FULL_TOO_LONG,SLPS_020.75,0x16f8
1,最大 99999までよ,TOI DA 99999,Tối đa là 99999.,16,24,32,-8,VI_FULL_TOO_LONG,PRGPACK.BDP,0x689a4
1,合計金額,TONG TIEN,Tổng số tiền,8,18,24,-10,VI_FULL_TOO_LONG,PRGPACK.BDP,0x67b08
1,%dゼニーはらってね,TRA %d ZENNY,Hãy trả %d Zenny.,18,22,32,-4,VI_FULL_TOO_LONG,PRGPACK.BDP,0x67d78
1,%dゼニーはらってね,TRA %d ZENNY,Hãy trả %d Zenny nhé,18,22,38,-4,VI_FULL_TOO_LONG,PRGPACK.BDP,0xb9048
1,戦いをさけられる,TRANH CHIEN,Có thể tránh chiến đấu.,16,22,46,-6,VI_FULL_TOO_LONG,PRGPACK.BDP,0x679e0
1,もうっ！,TROI!,Thật tình!,8,10,20,-2,VI_FULL_TOO_LONG,SLPS_020.75,0x388c
1,はんぶん盗めるよ！！,TROM 1/2!!,...có thể trộm một nửa!!,20,20,48,0,VI_FULL_TOO_LONG,PRGPACK.BDP,0x686d4
1,ほかの人と同じマスに止まったよ,TRUNG O NGUOI,Bạn đã dừng cùng ô với người khác.,30,26,68,4,VI_FULL_TOO_LONG,PRGPACK.BDP,0x687c4
1,死神像,TU THAN,Tượng Tử Thần,6,14,26,-8,VI_FULL_TOO_LONG,SLPS_020.75,0x2320
1,修道会が戦いを止めてくれたよ,TUVIEN NGAN DAU,Tu hội đã ngăn trận chiến lại.,28,30,60,-2,VI_FULL_TOO_LONG,PRGPACK.BDP,0x67644
1,やったー！！,TUYET!!,Tuyệt quá!!,12,14,22,-2,VI_FULL_TOO_LONG,SLPS_020.75,0x2858
1,大国の援助,VIEN TRO,Viện Trợ Đại Quốc,10,16,34,-6,VI_FULL_TOO_LONG,SLPS_020.75,0x2154
1,基本武器,VKCB,Vũ Khí Cơ Bản,8,8,26,0,VI_FULL_TOO_LONG,SLPS_020.75,0x1900
1,所有者なし,VO CHU,Không có chủ,10,12,24,-2,VI_FULL_TOO_LONG,PRGPACK.BDP,0x68eb8
1,土地マスを無効にできるよ,VO HIEU O DAT,Bạn có thể vô hiệu hóa ô Đất.,24,26,58,-2,VI_FULL_TOO_LONG,SLPS_020.75,0x323c
1,特殊マスが効かなくなっちゃう,VO HIEU O DB,Các ô đặc biệt sẽ mất tác dụng.,28,24,62,4,VI_FULL_TOO_LONG,SLPS_020.75,0x3288
1,資金,VON,Vốn,4,6,6,-2,VI_FULL_TOO_LONG,PRGPACK.BDP,0x67ac8
1,無属性,VOTHUOC,Vô Thuộc Tính,6,14,26,-8,VI_FULL_TOO_LONG,SLPS_020.75,0x767f0
1,庭園,VUON,Vườn,4,8,8,-4,VI_FULL_TOO_LONG,SLPS_020.75,0x22d0
1,ワープ,WARP,Dịch Chuyển,6,8,22,-2,VI_FULL_TOO_LONG,SLPS_020.75,0x20a0
1,どこに建てる？,XAY O DAU?,Xây ở đâu?,14,20,20,-6,VI_FULL_TOO_LONG,PRGPACK.BDP,0x67bc8
1,悪いな%s,XINLOI %s,"Xin lỗi nhé, %s.",8,16,30,-8,VI_FULL_TOO_LONG,PRGPACK.BDP,0x68afc
1,ダイスの数が３つになるよ,XUCXAC X3,Bạn sẽ có 3 xúc xắc.,24,18,40,6,VI_FULL_TOO_LONG,SLPS_020.75,0x2dec
1,ダイスの数が４つになるよ,XUCXAC X4,Bạn sẽ có 4 xúc xắc.,24,18,40,6,VI_FULL_TOO_LONG,SLPS_020.75,0x2db0
1,不幸,XUI,Bất Hạnh,4,6,16,-2,VI_FULL_TOO_LONG,SLPS_020.75,0x2028
1,ヤスツナ,YASU,Yasutsuna,8,8,18,0,VI_FULL_TOO_LONG,SLPS_020.75,0x244c
1,「ルート変更」,「DOI DUONG」,“Đổi Tuyến Đường”,14,22,34,-8,VI_FULL_TOO_LONG,SLPS_020.75,0x3368
1,「地震」,「DONGDAT」,“Động Đất”,8,18,20,-10,VI_FULL_TOO_LONG,SLPS_020.75,0x31dc
1,「お店破壊」,「PHA SHOP」,“Phá Cửa Hàng”,12,20,28,-8,VI_FULL_TOO_LONG,SLPS_020.75,0x2cdc
1,「バトルカード」,「THE DAU」,“Thẻ Chiến Đấu”,16,18,30,-2,VI_FULL_TOO_LONG,SLPS_020.75,0x3228
